﻿{"cameraMode":{"drawMode":0,"name":"Shaded","section":"Shading Mode"},"sceneLighting":false,"audioPlay":false,"sceneViewState":{"m_AlwaysRefresh":false,"showFog":true,"showSkybox":false,"showFlares":true,"showImageEffects":true,"showParticleSystems":true,"showVisualEffectGraphs":true,"m_FxEnabled":true},"in2DMode":false,"pivot":{"x":0.4981107711791992,"y":-5.935273170471191,"z":-12.046222686767579},"rotation":{"x":0.0031688427552580835,"y":0.9806913137435913,"z":-0.1952294111251831,"w":0.015561333857476712},"size":125.26194763183594,"orthographic":false}