﻿{"cameraMode":{"drawMode":0,"name":"Shaded","section":"Shading Mode"},"sceneLighting":false,"audioPlay":false,"sceneViewState":{"m_AlwaysRefresh":false,"showFog":true,"showSkybox":false,"showFlares":true,"showImageEffects":true,"showParticleSystems":true,"showVisualEffectGraphs":true,"m_FxEnabled":true},"in2DMode":false,"pivot":{"x":61.56019592285156,"y":0.8174678087234497,"z":45.22999954223633},"rotation":{"x":-0.16189822554588319,"y":0.80617356300354,"z":-0.25746089220046999,"w":-0.5076694488525391},"size":15.076836585998536,"orthographic":false}